date,away,away_fgm,away_fga,away_tpm,away_tpa,away_ftm,away_fta,away_oreb,away_dreb,away_assists,away_steals,away_blocks,away_turnovers,away_fouls,away_points,home,home_fgm,home_fga,home_tpm,home_tpa,home_ftm,home_fta,home_oreb,home_dreb,home_assists,home_steals,home_blocks,home_turnovers,home_fouls,home_points
2018-10-16 00:00:00,phi,34,87,5,26,14,23,6,41,18,8,5,16,20,87,bos,42,97,11,37,10,14,12,43,21,7,5,14,20,105
2018-10-16 00:00:00,okc,33,91,10,37,24,37,16,29,21,12,6,14,21,100,gsw,42,95,7,26,17,18,17,41,28,7,7,21,29,108
2018-10-17 00:00:00,mil,42,85,14,34,15,20,11,46,26,5,4,21,25,113,cho,41,92,16,38,14,22,9,32,21,8,9,11,19,112
2018-10-17 00:00:00,brk,40,82,5,27,15,22,5,34,28,9,5,17,23,100,det,39,92,6,24,19,22,14,32,21,5,5,14,20,103
2018-10-17 00:00:00,nop,52,98,10,25,17,22,14,40,36,8,3,12,25,131,hou,39,92,16,48,18,24,8,29,21,8,7,11,22,112
2018-10-17 00:00:00,mem,25,84,10,29,23,28,7,21,16,11,3,7,18,83,ind,47,83,10,26,7,13,13,44,29,2,7,20,24,111
2018-10-17 00:00:00,den,33,87,8,24,33,42,14,42,20,6,9,10,22,107,lac,35,88,8,28,20,24,9,38,21,3,9,12,32,98
2018-10-17 00:00:00,atl,41,90,10,36,15,18,7,38,19,7,3,24,30,107,nyk,45,99,12,33,24,31,10,36,21,12,6,15,23,126
2018-10-17 00:00:00,mia,38,97,9,33,16,22,14,38,16,4,5,16,28,101,orl,39,94,7,25,19,31,14,37,20,7,7,12,25,104
2018-10-17 00:00:00,dal,38,88,10,33,14,20,10,28,28,7,5,9,16,100,pho,44,81,19,34,14,16,6,38,35,5,2,11,22,121
2018-10-17 00:00:00,uta,41,79,13,27,28,38,5,39,21,8,4,17,19,123,sac,49,95,7,19,12,18,5,32,17,8,3,9,27,117
2018-10-17 00:00:00,min,39,91,6,19,24,27,14,32,20,9,2,11,27,108,sas,40,93,11,25,21,29,19,33,22,3,4,12,22,112
2018-10-17 00:00:00,cle,34,85,7,19,29,39,14,35,17,4,0,16,25,104,tor,45,92,14,33,12,20,8,35,21,6,7,9,29,116
2018-10-18 00:00:00,chi,44,101,11,33,9,12,5,34,28,4,6,12,23,108,phi,44,93,12,36,27,30,11,44,30,10,8,13,17,127
2018-10-18 00:00:00,lal,45,93,7,30,22,29,8,38,23,10,6,15,26,119,por,44,100,13,37,27,29,14,40,21,9,10,16,26,128
2018-10-18 00:00:00,mia,38,97,12,35,25,34,22,33,25,6,5,16,26,113,was,38,81,7,26,29,39,7,33,19,7,15,14,31,112
2018-10-19 00:00:00,nyk,39,97,9,28,18,20,12,24,14,10,1,3,19,105,brk,37,75,12,30,21,24,12,43,22,2,6,22,23,107
2018-10-19 00:00:00,okc,34,95,7,33,17,23,15,37,18,5,4,12,29,92,lac,35,81,11,26,27,36,10,38,21,3,3,14,24,108
2018-10-19 00:00:00,atl,41,83,14,30,21,36,11,29,27,9,5,19,31,117,mem,44,81,13,26,30,43,7,34,32,9,4,16,29,131
2018-10-19 00:00:00,ind,38,87,6,18,19,27,9,32,14,7,3,17,25,101,mil,44,93,17,46,13,21,11,39,27,9,8,17,26,118
2018-10-19 00:00:00,cle,45,93,8,23,25,29,13,30,26,5,2,14,24,123,min,44,87,10,25,33,35,9,31,28,9,7,13,21,131
2018-10-19 00:00:00,sac,50,96,10,25,19,26,9,30,24,6,2,13,26,129,nop,56,95,16,31,21,33,12,40,35,6,4,16,25,149
2018-10-19 00:00:00,cho,43,92,17,38,17,20,12,43,32,6,4,15,17,120,orl,36,94,6,31,10,14,12,32,18,8,7,15,16,88
2018-10-19 00:00:00,bos,40,99,14,36,7,10,16,33,29,4,6,14,27,101,tor,43,92,13,35,14,19,12,37,24,3,3,12,19,113
2018-10-19 00:00:00,gsw,49,87,10,19,16,18,8,35,27,10,6,16,23,124,uta,40,89,19,46,24,29,10,28,24,11,4,16,19,123
2018-10-20 00:00:00,det,41,101,18,40,18,23,18,31,21,4,4,9,23,118,chi,44,87,7,21,21,26,5,36,26,4,3,11,20,116
2018-10-20 00:00:00,min,44,84,14,27,34,40,6,27,23,10,3,17,30,136,dal,49,98,17,50,25,34,15,27,29,8,8,16,28,140
2018-10-20 00:00:00,pho,29,77,11,39,22,35,10,30,20,6,4,19,26,91,den,43,85,9,28,24,29,9,45,28,12,6,18,31,119
2018-10-20 00:00:00,brk,41,86,16,37,14,22,9,31,25,6,6,20,18,112,ind,51,92,16,24,14,22,10,30,21,12,5,10,18,132
2018-10-20 00:00:00,hou,44,96,16,42,20,30,13,41,22,7,4,16,21,124,lal,48,100,8,32,11,18,9,35,28,8,10,10,21,115
2018-10-20 00:00:00,cho,41,93,16,42,15,23,12,28,23,6,12,11,27,113,mia,41,89,11,34,19,27,12,37,21,4,11,15,27,112
2018-10-20 00:00:00,bos,33,82,9,25,28,33,11,36,21,8,2,15,26,103,nyk,36,87,12,35,17,27,11,35,23,8,1,16,25,101
2018-10-20 00:00:00,orl,41,90,16,29,17,22,14,35,31,7,7,14,15,115,phi,45,94,17,33,9,10,13,33,33,8,3,10,21,116
2018-10-20 00:00:00,sas,42,100,13,30,11,14,15,25,29,5,4,6,17,108,por,45,84,15,32,16,19,8,38,24,5,3,12,14,121
2018-10-20 00:00:00,tor,39,88,10,29,29,36,14,38,21,5,5,17,29,117,was,37,89,13,39,26,32,9,28,20,11,9,11,27,113
2018-10-21 00:00:00,atl,48,98,22,47,15,19,9,35,32,9,7,12,21,133,cle,46,99,10,27,9,14,15,34,23,5,2,18,25,111
2018-10-21 00:00:00,gsw,36,79,7,29,19,24,6,34,22,4,6,18,29,98,den,35,86,6,32,24,42,13,34,21,11,4,8,22,100
2018-10-21 00:00:00,hou,43,89,15,35,11,15,6,29,28,6,6,12,23,112,lac,42,89,5,25,26,26,12,37,22,8,7,13,16,115
2018-10-21 00:00:00,sac,50,91,10,22,21,28,12,34,28,11,7,17,26,131,okc,46,104,9,39,19,30,18,33,23,11,9,18,29,120
2018-10-22 00:00:00,orl,38,93,10,35,7,10,8,41,28,6,2,9,15,93,bos,37,91,9,40,7,9,9,42,21,6,3,12,15,90
2018-10-22 00:00:00,chi,41,80,13,23,14,21,7,27,18,6,4,19,29,109,dal,40,93,15,47,20,21,13,28,25,8,2,15,16,115
2018-10-22 00:00:00,pho,39,86,9,34,16,18,12,33,24,8,1,21,21,103,gsw,45,88,14,37,19,26,7,33,35,12,4,14,24,123
2018-10-22 00:00:00,sas,50,97,15,28,28,38,10,37,32,9,3,9,26,143,lal,55,107,14,39,18,26,13,39,33,5,6,15,29,142
2018-10-22 00:00:00,nyk,45,99,10,29,13,15,11,32,22,6,2,11,21,113,mil,45,96,17,40,17,24,19,36,27,5,9,14,18,124
2018-10-22 00:00:00,ind,36,92,8,26,11,16,12,33,18,6,6,15,24,91,min,36,85,7,33,22,24,8,39,24,9,12,15,17,101
2018-10-22 00:00:00,was,46,110,15,37,18,26,12,42,23,6,7,10,27,125,por,43,108,11,39,27,31,17,53,22,6,4,19,22,124
2018-10-22 00:00:00,cho,41,97,9,28,15,18,14,27,21,5,5,12,14,106,tor,50,87,15,39,12,14,5,41,36,10,8,13,21,127
2018-10-22 00:00:00,mem,31,84,9,28,21,26,7,36,18,10,2,10,22,92,uta,29,82,8,32,18,23,10,40,18,6,6,15,22,84
2018-10-23 00:00:00,sac,45,86,13,31,9,20,9,30,29,7,6,16,17,112,den,51,99,11,30,13,15,15,34,31,11,3,12,22,126
2018-10-23 00:00:00,phi,49,98,14,43,20,28,8,40,32,3,8,11,24,132,det,51,108,12,33,19,27,12,34,22,4,4,8,24,133
2018-10-23 00:00:00,lac,41,87,5,20,22,27,9,38,18,5,4,16,26,109,nop,40,93,6,24,30,40,12,36,22,12,8,8,24,116
2018-10-24 00:00:00,dal,38,91,12,40,16,26,9,43,25,7,9,17,27,104,atl,37,91,15,38,22,31,10,44,28,6,6,15,26,111
2018-10-24 00:00:00,cho,37,85,10,35,26,29,8,28,23,5,5,6,20,110,chi,37,77,10,29,28,35,9,36,21,4,5,14,24,112
2018-10-24 00:00:00,brk,38,87,14,34,12,15,8,36,23,8,1,14,16,102,cle,34,89,3,18,15,16,16,37,18,5,2,15,19,86
2018-10-24 00:00:00,was,42,93,12,42,26,28,7,27,22,7,1,12,24,122,gsw,53,92,15,33,23,25,10,38,37,6,5,15,22,144
2018-10-24 00:00:00,uta,34,78,10,29,22,28,9,38,21,7,5,18,21,100,hou,35,87,11,40,8,14,10,25,16,12,5,15,23,89
2018-10-24 00:00:00,nyk,33,91,12,33,9,14,10,35,20,5,3,12,23,87,mia,39,82,13,29,19,28,4,47,24,7,5,13,15,110
2018-10-24 00:00:00,phi,38,92,11,34,21,30,8,42,29,4,5,16,27,108,mil,41,100,13,43,28,30,9,42,24,7,10,11,27,123
2018-10-24 00:00:00,lal,52,100,10,28,17,23,11,32,34,13,5,8,19,131,pho,44,84,10,31,15,21,9,35,27,4,4,19,23,113
2018-10-24 00:00:00,mem,36,94,10,37,10,13,13,36,18,7,6,15,25,92,sac,35,83,6,18,21,33,15,42,19,7,5,14,15,97
2018-10-24 00:00:00,ind,46,87,17,32,7,8,5,35,34,9,5,10,22,116,sas,35,87,6,19,20,21,15,31,16,3,3,13,16,96
2018-10-24 00:00:00,min,40,96,15,30,10,16,16,28,25,10,5,15,17,105,tor,46,89,11,32,9,12,11,33,26,9,8,16,18,112
2018-10-25 00:00:00,cle,41,89,8,24,13,15,7,23,18,11,1,9,25,103,det,41,78,11,28,17,29,13,35,21,4,5,20,21,110
2018-10-25 00:00:00,den,46,92,6,23,16,20,10,34,22,8,5,19,22,114,lal,46,92,10,29,19,23,9,33,27,13,3,13,19,121
2018-10-25 00:00:00,bos,33,86,11,32,24,33,10,35,19,7,1,11,27,101,okc,37,94,7,28,14,25,16,41,19,5,6,16,27,95
2018-10-25 00:00:00,por,48,87,11,27,21,26,12,32,24,6,6,10,22,128,orl,43,86,12,30,16,20,11,29,29,5,7,14,21,114
2018-10-26 00:00:00,chi,37,85,16,36,16,22,8,26,21,5,7,13,16,106,cho,53,93,14,32,15,16,11,39,30,10,10,10,18,135
2018-10-26 00:00:00,lac,43,79,12,23,35,38,5,39,17,8,4,15,21,133,hou,38,98,15,41,22,25,16,26,21,11,7,13,27,113
2018-10-26 00:00:00,mil,49,92,19,46,8,11,7,55,32,4,8,17,23,125,min,36,112,10,43,13,18,17,32,19,10,6,7,15,95
2018-10-26 00:00:00,brk,43,98,19,40,10,15,16,38,26,6,8,18,22,115,nop,44,98,9,23,20,26,15,31,23,11,11,11,20,117
2018-10-26 00:00:00,gsw,51,87,16,33,10,12,6,33,26,10,6,14,16,128,nyk,39,90,13,39,9,12,11,29,17,6,1,19,18,100
2018-10-26 00:00:00,was,40,86,14,42,18,23,5,37,22,8,7,21,27,112,sac,44,95,14,37,14,23,14,39,25,8,4,18,18,116
2018-10-26 00:00:00,dal,38,92,12,30,19,24,10,34,22,6,6,14,17,107,tor,44,91,11,27,17,20,12,38,23,10,5,12,22,116
2018-10-27 00:00:00,chi,36,83,12,33,13,16,8,44,25,14,6,20,21,97,atl,27,84,12,40,19,23,11,37,20,9,8,22,13,85
2018-10-27 00:00:00,ind,48,74,5,13,18,26,4,20,28,13,3,15,15,119,cle,40,86,7,25,20,22,16,23,21,9,2,15,20,107
2018-10-27 00:00:00,bos,39,86,14,34,17,25,8,46,25,4,8,13,26,109,det,33,89,7,37,16,20,6,41,16,4,3,11,24,89
2018-10-27 00:00:00,pho,36,78,9,33,15,19,5,30,28,5,1,19,25,96,mem,44,79,9,26,20,22,3,36,30,12,1,12,21,117
2018-10-27 00:00:00,por,37,88,12,33,25,28,8,34,14,7,8,9,25,111,mia,44,96,15,39,17,26,16,40,21,7,8,12,21,120
2018-10-27 00:00:00,orl,33,101,10,43,15,17,11,30,21,9,6,11,22,91,mil,41,82,10,30,21,23,6,51,24,6,7,21,19,113
2018-10-27 00:00:00,uta,46,88,10,32,30,37,6,37,32,7,7,13,26,132,nop,40,95,9,34,22,29,11,29,22,4,5,16,32,111
2018-10-27 00:00:00,cho,37,95,9,35,20,24,9,39,19,3,8,9,25,103,phi,35,91,10,28,25,30,14,42,18,4,8,11,23,105
2018-10-27 00:00:00,lal,41,86,13,33,11,18,7,35,19,5,5,17,25,106,sas,44,91,3,16,19,24,12,37,20,7,5,13,17,110
2018-10-28 00:00:00,gsw,44,89,11,33,21,24,12,35,28,11,7,12,16,120,brk,42,87,20,42,10,15,5,32,28,5,3,15,20,114
2018-10-28 00:00:00,uta,42,80,10,25,19,22,8,35,25,8,6,18,27,113,dal,38,91,9,28,19,25,12,31,24,6,3,13,19,104
2018-10-28 00:00:00,was,38,97,5,27,23,28,14,31,18,7,3,14,16,104,lac,56,103,16,29,8,13,14,43,35,7,9,14,25,136
2018-10-28 00:00:00,pho,38,86,8,27,26,27,10,34,21,10,3,22,32,110,okc,43,85,7,24,24,35,9,34,22,16,3,15,24,117
2018-10-29 00:00:00,gsw,53,96,24,45,19,26,8,41,34,9,7,7,29,149,chi,46,94,11,35,21,34,12,32,25,6,3,9,19,124
2018-10-29 00:00:00,nop,43,82,11,24,14,20,7,37,28,8,5,22,25,111,den,42,93,11,35,21,23,9,32,28,14,5,13,17,116
2018-10-29 00:00:00,por,38,78,10,26,17,18,9,41,19,3,3,18,23,103,ind,37,90,6,19,13,20,7,28,19,8,5,8,20,93
2018-10-29 00:00:00,sac,48,97,12,26,15,25,9,37,28,8,8,12,23,123,mia,38,92,13,39,24,34,13,39,20,10,9,18,21,113
2018-10-29 00:00:00,tor,39,103,9,45,22,28,15,36,25,9,7,10,19,109,mil,45,92,19,45,15,19,8,49,28,5,4,17,21,124
2018-10-29 00:00:00,lal,49,104,12,33,10,15,17,31,24,8,8,18,24,120,min,42,98,14,29,26,30,20,31,26,11,12,14,14,124
2018-10-29 00:00:00,brk,34,84,11,38,17,22,11,21,22,6,7,10,20,96,nyk,45,92,9,24,16,18,16,37,21,5,3,13,21,115
2018-10-29 00:00:00,atl,35,94,8,37,14,21,10,37,20,10,3,13,18,92,phi,41,99,14,47,17,18,16,48,33,7,9,19,22,113
2018-10-29 00:00:00,dal,43,91,10,34,12,17,8,41,15,9,3,22,21,108,sas,42,91,9,20,20,21,5,36,27,17,2,17,19,113
2018-10-30 00:00:00,det,37,88,8,30,23,27,11,39,17,6,3,17,28,105,bos,37,84,9,31,25,32,8,38,25,8,4,14,20,108
2018-10-30 00:00:00,mia,41,87,11,28,20,24,10,24,25,9,5,15,26,113,cho,44,81,13,28,24,29,8,31,27,7,5,14,26,125
2018-10-30 00:00:00,atl,44,82,15,35,11,17,6,33,25,6,8,22,29,114,cle,45,90,13,25,33,43,13,35,23,13,1,13,20,136
2018-10-30 00:00:00,por,38,80,8,20,20,23,7,44,17,4,4,17,19,104,hou,31,96,10,43,13,23,20,29,18,7,9,11,25,85
2018-10-30 00:00:00,was,32,74,14,35,17,20,5,32,24,9,7,20,22,95,mem,36,74,13,28,22,31,6,32,28,16,3,15,20,107
2018-10-30 00:00:00,lac,35,74,7,20,33,43,6,32,18,6,7,24,26,110,okc,48,94,9,17,23,32,9,32,19,16,6,15,35,128
2018-10-30 00:00:00,sac,41,84,8,22,17,26,8,43,22,8,6,15,20,107,orl,36,91,11,43,16,22,11,37,28,10,8,16,22,99
2018-10-30 00:00:00,phi,38,91,14,40,22,30,17,30,25,7,5,23,24,112,tor,47,92,11,27,24,28,9,34,29,13,6,15,26,129
2018-10-31 00:00:00,det,39,93,11,34,30,39,14,41,16,8,6,16,30,119,brk,43,101,12,38,22,30,18,37,26,5,3,16,33,120
2018-10-31 00:00:00,den,45,99,7,26,11,18,17,39,24,7,9,16,16,108,chi,39,92,16,34,13,18,10,33,27,7,6,13,23,107
2018-10-31 00:00:00,nop,44,92,12,35,21,27,12,30,24,8,2,15,26,121,gsw,47,89,16,32,21,30,12,34,39,10,4,17,24,131
2018-10-31 00:00:00,dal,43,86,13,29,14,19,10,30,24,5,5,23,24,113,lal,43,84,10,17,18,24,8,31,23,12,6,20,27,114
2018-10-31 00:00:00,uta,47,97,13,30,18,30,20,28,25,9,5,14,22,125,min,50,86,12,25,16,24,7,34,19,10,8,15,28,128
2018-10-31 00:00:00,ind,45,83,6,20,11,17,10,31,24,10,10,15,19,107,nyk,34,79,12,25,21,24,9,26,18,6,6,17,19,101
2018-10-31 00:00:00,sas,46,83,4,18,24,26,6,41,24,7,6,14,15,120,pho,35,90,6,24,14,18,7,28,21,10,3,15,26,90
2018-11-01 00:00:00,sac,53,98,14,35,26,32,10,36,38,14,3,14,29,146,atl,42,87,8,31,23,34,10,33,26,6,6,22,28,115
2018-11-01 00:00:00,mil,41,85,9,29,22,30,8,37,20,8,3,14,20,113,bos,41,92,24,55,11,13,8,34,30,5,8,12,23,117
2018-11-01 00:00:00,okc,41,96,8,37,21,29,14,35,20,12,9,10,21,111,cho,38,93,11,41,20,22,11,40,26,7,3,17,26,107
2018-11-01 00:00:00,den,41,85,10,26,18,21,14,30,22,8,7,12,18,110,cle,34,83,5,18,18,19,13,22,18,11,4,13,22,91
2018-11-01 00:00:00,lac,38,86,9,23,28,33,8,34,19,6,7,18,28,113,phi,44,93,13,27,21,28,10,33,29,7,7,14,30,122
2018-11-01 00:00:00,nop,40,94,8,29,31,37,14,30,23,7,3,12,24,119,por,44,87,18,35,26,31,8,38,26,4,4,14,30,132
2018-11-02 00:00:00,hou,41,83,15,39,22,32,11,30,22,4,10,9,21,119,brk,42,85,15,34,12,20,9,29,22,5,4,10,28,111
2018-11-02 00:00:00,ind,40,85,7,26,20,22,9,33,21,8,9,11,13,107,chi,42,89,13,31,8,9,11,32,33,2,7,14,20,105
2018-11-02 00:00:00,nyk,46,84,7,29,19,26,10,30,26,13,4,12,24,118,dal,40,81,11,29,15,24,11,29,22,6,1,18,28,106
2018-11-02 00:00:00,min,38,101,13,45,10,14,8,31,25,8,4,5,16,99,gsw,43,88,13,34,17,22,12,49,31,3,9,16,16,116
2018-11-02 00:00:00,lac,41,86,13,26,25,33,10,40,22,5,3,13,23,120,orl,40,90,4,17,11,19,8,32,20,7,4,10,24,95
2018-11-02 00:00:00,tor,41,81,12,33,13,21,6,33,29,11,10,13,23,107,pho,40,91,8,26,10,18,12,37,20,3,4,15,18,98
2018-11-02 00:00:00,mem,38,75,13,26,21,34,9,30,23,9,3,11,29,110,uta,36,77,14,36,14,25,10,29,21,3,5,14,25,100
2018-11-02 00:00:00,okc,49,86,15,32,21,26,7,31,34,13,5,13,20,134,was,44,86,9,30,14,18,6,24,27,6,4,18,21,111
2018-11-03 00:00:00,mia,41,85,16,40,20,26,13,28,27,6,6,17,20,118,atl,46,88,13,32,18,23,8,29,33,11,7,16,21,123
2018-11-03 00:00:00,hou,35,83,13,42,13,20,10,35,21,13,5,18,22,96,chi,28,71,6,23,26,27,4,33,16,13,4,19,18,88
2018-11-03 00:00:00,cle,35,81,10,26,14,15,3,23,22,10,2,13,20,94,cho,52,91,10,30,12,13,12,38,29,3,7,15,17,126
2018-11-03 00:00:00,uta,33,81,6,31,16,24,10,30,22,12,7,12,21,88,den,41,83,9,28,12,19,8,40,32,8,0,17,26,103
2018-11-03 00:00:00,bos,38,88,19,46,6,9,10,35,23,6,8,14,20,101,ind,36,86,11,32,19,25,8,37,23,10,2,13,16,102
2018-11-03 00:00:00,det,33,83,5,30,28,41,7,37,16,8,3,17,32,99,phi,28,69,9,29,44,51,3,42,21,11,3,17,31,109
2018-11-03 00:00:00,lal,45,86,8,21,16,25,9,41,20,9,11,20,22,114,por,44,104,6,35,16,22,16,34,20,10,5,14,21,110
2018-11-03 00:00:00,nop,36,77,6,21,17,30,6,42,22,3,8,16,21,95,sas,45,96,8,23,11,14,8,35,29,8,4,9,21,109
2018-11-04 00:00:00,phi,31,65,4,20,31,41,9,37,16,6,1,27,21,97,brk,50,105,9,28,13,18,15,23,27,11,3,9,28,122
2018-11-04 00:00:00,tor,49,98,10,35,13,14,13,36,32,9,4,12,24,121,lal,39,85,6,24,23,29,6,32,25,6,4,16,18,107
2018-11-04 00:00:00,sac,42,95,14,36,11,22,8,36,24,6,4,15,26,109,mil,46,95,22,56,30,33,10,46,30,6,7,12,20,144
2018-11-04 00:00:00,mem,36,76,7,23,21,29,9,21,19,13,3,13,21,100,pho,33,64,14,32,22,26,5,32,25,7,3,24,27,102
2018-11-04 00:00:00,min,29,93,7,30,16,21,13,25,18,9,4,11,21,81,por,38,86,7,28,28,32,17,49,15,7,1,16,20,111
2018-11-04 00:00:00,orl,46,91,12,32,13,18,11,32,29,7,4,8,22,117,sas,38,88,12,35,22,25,10,33,25,3,5,11,21,110
2018-11-04 00:00:00,nyk,39,93,5,27,12,16,15,36,19,5,5,18,28,95,was,36,83,6,26,30,39,15,32,21,12,11,13,18,108
2018-11-05 00:00:00,bos,44,87,9,31,10,12,7,33,22,9,9,12,21,107,den,41,90,13,34,20,28,15,32,25,5,4,13,14,115
2018-11-05 00:00:00,mia,44,98,12,31,20,31,9,41,24,10,8,17,26,120,det,43,105,11,35,18,28,21,39,27,8,3,19,30,115
2018-11-05 00:00:00,mem,38,83,9,27,16,21,4,26,31,8,8,10,19,101,gsw,41,81,13,24,22,23,8,38,29,4,4,13,25,117
2018-11-05 00:00:00,hou,34,76,15,47,15,16,5,34,23,9,6,16,24,98,ind,33,75,8,28,20,30,7,32,17,8,3,15,15,94
2018-11-05 00:00:00,min,40,85,5,21,24,30,8,30,20,9,8,11,23,109,lac,43,88,14,31,20,22,13,30,30,5,4,12,27,120
2018-11-05 00:00:00,chi,43,95,8,30,22,30,11,37,15,9,9,19,22,116,nyk,41,106,7,26,26,29,21,41,20,7,6,17,27,115
2018-11-05 00:00:00,nop,41,84,9,29,25,30,11,34,27,8,5,20,26,116,okc,45,93,10,27,22,31,9,32,26,15,3,12,23,122
2018-11-05 00:00:00,cle,41,80,10,23,8,12,8,34,20,8,2,18,17,100,orl,39,87,11,34,13,15,10,30,22,11,5,15,16,102
2018-11-05 00:00:00,tor,49,86,13,33,13,14,7,36,21,9,3,14,28,124,uta,38,86,8,31,27,41,12,28,29,10,4,12,19,111
2018-11-06 00:00:00,atl,41,85,6,30,14,18,7,30,22,13,9,22,18,102,cho,45,92,13,31,10,18,8,35,27,9,4,21,16,113
2018-11-06 00:00:00,was,37,87,11,35,15,20,5,27,27,8,6,10,24,100,dal,39,82,15,34,26,27,10,40,25,4,6,17,22,119
2018-11-06 00:00:00,brk,41,92,9,36,13,19,13,39,22,9,5,10,22,104,pho,28,81,9,25,17,20,9,40,16,4,3,20,20,82
2018-11-06 00:00:00,mil,40,92,16,42,7,8,12,30,26,2,1,11,16,103,por,48,91,17,43,5,8,11,40,23,7,3,12,17,118
2018-11-07 00:00:00,nyk,34,77,11,30,33,47,11,37,15,8,7,16,30,112,atl,37,92,11,38,22,29,15,30,26,5,9,17,30,107
2018-11-07 00:00:00,okc,35,84,7,27,18,26,7,37,10,13,9,12,23,95,cle,33,89,9,31,11,13,12,39,17,3,4,19,26,86
2018-11-07 00:00:00,phi,36,79,10,32,18,22,5,38,24,7,8,16,18,100,ind,37,94,8,31,12,17,8,33,19,9,6,9,21,94
2018-11-07 00:00:00,min,41,91,20,40,8,9,11,29,22,10,5,15,17,110,lal,44,91,15,34,11,14,12,35,32,6,4,16,14,114
2018-11-07 00:00:00,den,32,82,8,32,15,19,13,28,19,9,3,16,22,87,mem,30,70,8,21,21,25,8,28,19,7,7,17,22,89
2018-11-07 00:00:00,sas,31,94,13,32,13,14,12,37,19,8,5,12,19,88,mia,36,93,10,32,13,18,14,46,21,8,11,13,17,95
2018-11-07 00:00:00,chi,38,96,9,31,13,17,7,39,18,9,7,11,16,98,nop,42,94,11,30,12,17,11,44,32,5,10,15,18,107
2018-11-07 00:00:00,det,37,90,11,37,18,20,13,37,21,13,1,19,15,103,orl,40,87,9,27,7,9,6,34,28,10,8,20,19,96
2018-11-07 00:00:00,tor,41,89,11,36,21,23,13,40,17,10,4,20,20,114,sac,42,88,8,23,13,18,6,25,27,10,5,15,26,105
2018-11-07 00:00:00,dal,29,73,8,24,36,40,12,37,14,3,4,24,27,102,uta,43,89,13,37,18,26,8,27,31,12,10,11,32,117
2018-11-08 00:00:00,mil,52,101,9,35,21,27,13,33,33,11,7,12,23,134,gsw,42,87,10,28,17,22,8,30,31,5,6,18,22,111
2018-11-08 00:00:00,hou,31,82,11,42,7,10,12,27,16,9,3,16,26,80,okc,36,81,9,37,17,24,13,39,18,10,4,14,16,98
2018-11-08 00:00:00,bos,39,97,14,37,24,31,17,39,21,6,6,16,18,116,pho,41,93,11,35,16,19,4,38,25,10,6,15,23,109
2018-11-08 00:00:00,lac,41,89,8,23,15,20,7,34,19,2,10,7,22,105,por,40,97,10,26,26,28,14,39,18,4,8,6,20,116
2018-11-09 00:00:00,det,46,97,20,47,12,19,10,34,30,10,6,10,31,124,atl,36,79,7,28,30,40,9,44,17,6,2,16,21,109
2018-11-09 00:00:00,brk,36,88,12,33,28,42,12,30,21,7,9,8,24,112,den,40,87,5,18,25,34,15,39,20,3,5,12,28,110
2018-11-09 00:00:00,ind,43,79,7,20,17,29,6,33,20,10,5,18,26,110,mia,36,80,14,27,16,27,9,29,27,6,6,23,27,102
2018-11-09 00:00:00,was,42,82,11,27,13,19,6,29,24,8,3,18,18,108,orl,44,86,13,31,16,19,10,31,26,8,6,15,18,117
2018-11-09 00:00:00,cho,43,110,16,40,30,40,14,35,25,10,5,4,33,132,phi,45,93,12,37,31,41,12,46,33,3,15,16,33,133
2018-11-09 00:00:00,min,39,94,7,25,25,31,15,37,20,6,1,17,23,110,sac,43,95,12,32,23,29,12,37,25,7,6,12,29,121
2018-11-09 00:00:00,bos,39,88,17,43,20,22,5,23,31,11,3,8,20,115,uta,43,77,13,34,24,30,8,37,29,4,4,16,21,123
2018-11-10 00:00:00,cle,39,91,8,21,12,18,15,38,15,5,6,12,17,98,chi,39,82,7,18,14,21,5,33,20,7,6,11,19,99
2018-11-10 00:00:00,okc,38,97,9,34,11,18,26,27,17,9,2,16,19,96,dal,43,77,14,29,11,17,4,34,31,9,5,16,23,111
2018-11-10 00:00:00,brk,36,77,7,24,21,29,12,29,20,7,2,14,22,100,gsw,46,83,7,16,17,21,6,30,27,9,7,10,24,116
2018-11-10 00:00:00,mil,47,105,16,46,16,23,15,37,31,11,8,17,26,126,lac,46,99,14,34,22,27,10,44,26,6,6,17,19,128
2018-11-10 00:00:00,phi,44,85,8,31,10,16,8,40,27,10,6,23,20,106,mem,45,103,11,30,11,15,15,30,16,9,3,11,18,112
2018-11-10 00:00:00,was,40,83,8,22,28,38,16,32,14,8,5,15,25,116,mia,39,88,12,33,20,26,14,24,25,5,5,19,31,110
2018-11-10 00:00:00,pho,35,86,10,36,19,20,10,27,16,10,7,14,27,99,nop,42,86,11,25,24,29,16,38,28,7,7,18,18,119
2018-11-10 00:00:00,lal,41,99,12,38,7,17,17,42,23,11,3,14,20,101,sac,32,92,6,25,16,20,13,37,11,7,5,19,20,86
2018-11-10 00:00:00,hou,30,90,9,41,20,29,15,34,11,10,5,8,24,89,sas,33,74,10,20,20,27,8,38,17,3,5,15,20,96
2018-11-10 00:00:00,nyk,44,96,6,22,18,22,16,31,18,12,6,14,26,112,tor,42,79,14,35,30,40,12,34,24,8,4,15,20,128
2018-11-11 00:00:00,mil,48,84,17,34,8,13,5,36,27,10,7,12,17,121,den,41,89,18,38,14,20,10,29,27,8,5,10,16,114
2018-11-11 00:00:00,cho,43,85,11,28,16,18,6,40,24,6,8,12,26,113,det,38,104,12,45,15,19,22,29,21,5,4,10,18,103
2018-11-11 00:00:00,ind,36,78,11,29,20,26,5,30,24,10,6,13,22,103,hou,36,74,20,47,23,32,8,30,18,6,5,15,22,115
2018-11-11 00:00:00,atl,41,95,13,37,11,13,10,34,25,11,4,17,23,106,lal,39,92,14,38,15,24,17,31,28,12,9,22,23,107
2018-11-11 00:00:00,orl,44,98,17,42,10,11,9,41,31,10,9,9,21,115,nyk,31,88,5,28,22,30,14,42,13,2,15,19,21,89
2018-11-11 00:00:00,bos,36,93,14,42,8,10,11,31,19,11,5,12,16,94,por,39,86,14,36,8,10,15,40,22,4,2,21,14,100
2018-11-12 00:00:00,dal,37,79,10,33,19,29,7,42,18,11,7,19,22,103,chi,35,89,8,33,20,22,8,37,16,11,3,17,26,98
2018-11-12 00:00:00,gsw,44,94,12,31,16,23,11,35,27,7,8,17,25,116,lac,43,91,5,20,30,34,6,43,23,11,5,15,23,121
2018-11-12 00:00:00,uta,32,82,9,32,23,30,13,36,19,7,6,15,25,96,mem,33,79,4,24,18,23,8,34,19,7,9,16,28,88
2018-11-12 00:00:00,phi,39,83,15,36,31,39,10,32,24,5,0,9,24,124,mia,37,77,13,31,27,33,8,32,19,5,6,15,30,114
2018-11-12 00:00:00,brk,40,101,18,50,15,22,19,23,28,10,2,13,29,113,min,42,80,10,23,26,31,9,43,26,8,6,23,17,120
2018-11-12 00:00:00,pho,39,81,7,26,16,19,10,27,25,5,5,18,21,101,okc,43,92,13,27,19,20,12,30,23,12,6,13,15,118
2018-11-12 00:00:00,sas,38,87,10,31,13,16,9,34,25,5,4,15,12,99,sac,43,86,11,24,7,12,7,38,27,12,3,12,20,104
2018-11-12 00:00:00,nop,54,99,10,27,8,13,14,40,30,2,4,13,20,126,tor,39,97,13,45,19,22,13,30,22,9,5,10,20,110
2018-11-12 00:00:00,orl,43,89,15,30,8,11,8,26,28,5,6,12,28,109,was,40,79,13,33,24,33,7,34,24,8,7,10,17,117
2018-11-13 00:00:00,cho,33,95,8,41,15,19,12,25,22,12,4,9,11,89,cle,45,85,13,24,10,12,14,46,23,5,3,19,20,113
2018-11-13 00:00:00,hou,39,71,13,37,18,26,6,26,23,7,6,14,20,109,den,38,76,11,25,12,16,7,24,27,11,2,16,20,99
2018-11-13 00:00:00,atl,40,89,12,32,11,15,10,32,25,9,2,14,18,103,gsw,39,91,12,27,20,21,13,35,28,8,6,13,20,110
2018-11-14 00:00:00,chi,33,84,7,23,9,9,7,40,16,8,3,22,16,82,bos,42,90,15,34,12,14,8,43,27,12,5,13,12,111
2018-11-14 00:00:00,mia,46,85,8,29,20,28,6,41,23,6,6,17,27,120,brk,41,101,8,28,17,24,16,30,17,10,2,15,29,107
2018-11-14 00:00:00,uta,25,81,6,35,12,19,8,25,16,11,3,21,21,68,dal,45,77,12,28,16,24,7,44,24,12,6,19,19,118
2018-11-14 00:00:00,por,41,93,14,33,21,23,11,36,24,8,10,14,21,117,lal,44,93,15,32,23,26,11,37,25,11,6,13,18,126
2018-11-14 00:00:00,mem,42,83,14,36,18,24,4,30,24,8,4,12,20,116,mil,41,81,9,35,22,27,9,35,22,5,8,16,22,113
2018-11-14 00:00:00,nop,40,94,9,28,11,18,10,36,25,7,6,18,21,100,min,37,90,14,32,19,24,11,36,29,14,6,15,22,107
2018-11-14 00:00:00,nyk,39,88,7,26,18,23,9,27,18,8,8,18,17,103,okc,51,95,16,33,10,12,13,34,32,11,7,16,21,128
2018-11-14 00:00:00,phi,41,86,14,29,10,15,10,31,32,2,3,14,21,106,orl,40,80,12,28,19,22,5,32,23,7,4,10,21,111
2018-11-14 00:00:00,sas,35,83,7,23,19,24,13,30,16,7,4,18,12,96,pho,47,84,15,31,7,8,5,33,27,9,4,16,23,116
2018-11-14 00:00:00,det,44,91,10,33,8,13,7,32,24,8,5,17,24,106,tor,45,92,4,20,10,17,12,37,23,9,3,20,19,104
2018-11-14 00:00:00,cle,35,77,4,21,21,31,9,33,22,12,6,23,24,95,was,44,92,13,40,18,26,12,32,30,17,3,18,25,119
2018-11-15 00:00:00,atl,32,92,9,42,20,27,15,28,20,7,5,19,22,93,den,53,94,13,31,19,25,11,45,34,12,6,15,24,138
2018-11-15 00:00:00,gsw,32,76,4,18,18,22,12,32,18,2,5,16,24,86,hou,35,87,16,47,21,26,14,27,20,8,4,5,21,107
2018-11-15 00:00:00,sas,41,103,9,29,20,25,15,30,19,7,6,5,24,111,lac,40,85,8,23,28,35,9,41,23,2,3,12,25,116
2018-11-16 00:00:00,tor,42,97,8,29,24,29,11,32,20,12,4,13,23,116,bos,47,89,9,26,20,24,9,37,25,9,6,18,23,123
2018-11-16 00:00:00,mia,35,93,14,36,7,10,13,38,21,10,5,16,16,91,ind,36,81,14,27,13,15,4,43,22,10,6,19,14,99
2018-11-16 00:00:00,sac,37,80,12,33,18,24,9,33,23,9,2,21,24,104,mem,43,85,11,25,15,24,9,31,24,11,5,13,23,112
2018-11-16 00:00:00,chi,41,94,13,33,9,13,4,32,22,8,3,12,15,104,mil,47,93,18,43,11,17,11,44,28,8,8,16,14,123
2018-11-16 00:00:00,por,37,88,8,29,14,20,11,37,16,6,1,18,14,96,min,46,92,12,28,8,11,9,34,28,11,4,12,16,112
2018-11-16 00:00:00,nyk,48,98,11,34,17,24,12,32,15,10,6,13,31,124,nop,48,99,10,34,23,32,11,43,27,5,5,15,25,129
2018-11-16 00:00:00,uta,41,88,4,22,21,37,10,29,15,10,4,13,25,107,phi,41,82,11,23,20,32,10,31,25,7,5,16,27,113
2018-11-16 00:00:00,brk,38,90,9,33,30,38,13,34,19,8,3,11,24,115,was,37,87,3,18,27,34,12,35,18,5,4,13,23,104
2018-11-17 00:00:00,uta,35,78,11,38,17,27,7,39,23,11,4,14,23,98,bos,35,91,5,33,11,20,17,34,16,11,4,14,22,86
2018-11-17 00:00:00,lac,48,95,11,23,20,24,9,29,23,4,1,8,25,127,brk,40,88,13,28,26,34,15,32,25,4,5,11,22,119
2018-11-17 00:00:00,tor,48,89,14,35,12,13,8,46,31,14,10,23,24,122,chi,30,86,8,27,15,21,7,27,21,13,3,22,19,83
2018-11-17 00:00:00,phi,39,93,11,35,33,38,9,44,23,9,6,19,24,122,cho,42,99,10,31,25,27,9,40,23,10,3,18,29,119
2018-11-17 00:00:00,gsw,42,94,9,33,16,17,12,35,24,6,6,12,27,109,dal,40,86,10,34,22,34,8,38,18,6,5,10,18,112
2018-11-17 00:00:00,sac,46,102,11,35,9,12,13,26,23,10,3,14,21,112,hou,46,81,20,47,20,24,6,35,27,9,10,22,20,132
2018-11-17 00:00:00,atl,31,87,8,29,19,27,5,36,20,15,6,18,24,89,ind,35,87,12,30,15,21,10,43,25,11,6,22,26,97
2018-11-17 00:00:00,den,46,95,15,39,8,13,10,33,30,5,6,13,23,115,nop,42,87,10,25,31,34,10,36,29,6,8,11,18,125
2018-11-17 00:00:00,lal,43,90,10,30,21,25,8,33,22,5,6,14,20,117,orl,50,93,11,32,19,23,11,30,28,5,8,13,23,130
2018-11-17 00:00:00,okc,38,85,7,24,27,32,14,38,17,9,7,18,20,110,pho,37,82,12,29,14,21,4,27,25,14,6,14,28,100
2018-11-18 00:00:00,lal,42,95,11,27,18,21,14,36,16,7,5,9,19,113,mia,35,87,13,32,14,19,12,36,20,3,5,12,21,97
2018-11-18 00:00:00,mem,35,82,12,28,18,25,10,33,26,11,9,12,20,100,min,31,80,12,29,13,16,10,39,20,8,3,20,20,87
2018-11-18 00:00:00,nyk,40,87,8,24,29,35,17,25,12,7,2,14,26,117,orl,48,84,13,32,22,26,7,28,35,5,6,15,26,131
2018-11-18 00:00:00,gsw,35,86,5,26,17,21,10,36,20,6,4,11,17,92,sas,41,92,10,24,12,17,11,37,24,3,5,10,18,104
2018-11-18 00:00:00,por,39,86,11,30,30,35,9,43,26,4,3,15,25,119,was,43,96,13,32,10,21,9,34,28,4,9,11,30,109
2018-11-19 00:00:00,lac,40,93,10,33,37,47,15,37,24,9,8,15,22,127,atl,45,101,12,38,17,19,16,35,29,6,6,14,38,119
2018-11-19 00:00:00,bos,45,89,9,32,13,18,8,33,31,9,6,12,22,112,cho,43,89,15,41,16,22,8,36,18,5,3,13,16,117
2018-11-19 00:00:00,cle,35,79,8,21,24,34,11,25,16,8,3,9,22,102,det,41,89,13,38,18,19,13,37,26,5,4,10,27,113
2018-11-19 00:00:00,uta,36,74,11,25,11,16,3,33,26,6,10,18,18,94,ind,49,93,12,25,11,17,11,33,35,13,3,9,17,121
2018-11-19 00:00:00,dal,30,88,10,32,18,21,7,36,17,8,4,9,19,88,mem,37,79,12,30,12,14,5,40,29,8,11,15,21,98
2018-11-19 00:00:00,den,40,94,12,41,6,9,13,30,30,6,4,17,20,98,mil,40,88,11,36,13,22,13,38,21,8,3,15,16,104
2018-11-19 00:00:00,sas,45,94,12,24,24,30,18,26,22,7,0,15,20,126,nop,59,102,10,26,12,14,14,28,34,10,5,10,23,140
2018-11-19 00:00:00,pho,44,87,13,33,13,24,5,26,25,9,4,13,34,114,phi,41,84,6,22,31,42,13,40,24,8,1,19,27,119
2018-11-19 00:00:00,okc,45,108,12,41,11,16,13,40,22,8,3,13,22,113,sac,45,102,16,38,11,17,14,45,29,7,4,15,18,117
2018-11-20 00:00:00,brk,38,88,8,31,20,26,13,40,17,6,4,11,21,104,mia,36,100,7,32,13,20,18,34,18,5,6,14,24,92
2018-11-20 00:00:00,por,45,95,16,35,12,17,14,29,25,8,4,11,19,118,nyk,42,83,13,29,17,22,10,32,22,8,5,15,15,114
2018-11-20 00:00:00,tor,39,87,9,34,6,8,6,37,23,7,5,16,19,93,orl,34,84,8,30,15,19,11,38,24,5,4,14,11,91
2018-11-20 00:00:00,lac,46,89,11,27,15,18,7,37,20,6,4,17,28,118,was,40,93,13,39,32,39,11,33,27,11,8,7,20,125
2018-11-21 00:00:00,tor,48,90,11,29,17,23,14,41,33,6,1,17,21,124,atl,42,93,10,36,14,18,9,25,24,10,7,9,21,108
2018-11-21 00:00:00,nyk,44,89,15,30,14,17,9,40,25,3,11,17,24,117,bos,38,97,10,33,23,32,15,35,30,10,9,8,16,109
2018-11-21 00:00:00,pho,48,98,10,34,10,10,6,30,28,9,5,13,20,116,chi,46,81,11,25,21,24,4,35,28,8,2,17,19,124
2018-11-21 00:00:00,ind,41,84,11,33,16,17,10,27,26,5,7,14,19,109,cho,45,80,18,29,19,22,6,30,30,7,3,12,15,127
2018-11-21 00:00:00,lal,40,78,9,25,20,28,7,44,23,2,9,15,20,109,cle,39,102,13,34,14,15,15,31,18,3,2,3,22,105
2018-11-21 00:00:00,brk,42,94,14,42,15,21,16,26,23,8,2,14,31,113,dal,38,78,11,27,32,41,8,37,21,10,4,13,20,119
2018-11-21 00:00:00,okc,51,106,13,35,8,15,18,43,29,10,5,10,23,123,gsw,36,83,7,29,16,24,7,35,24,7,10,17,18,95
2018-11-21 00:00:00,det,40,85,16,34,28,37,15,22,20,8,1,16,26,124,hou,40,72,13,33,33,36,5,31,18,8,7,15,25,126
2018-11-21 00:00:00,por,34,93,9,41,23,28,10,30,13,8,6,17,20,100,mil,57,108,15,45,14,17,13,46,34,8,2,14,23,143
2018-11-21 00:00:00,den,42,89,14,35,5,6,9,31,29,12,4,13,22,103,min,35,79,9,32,22,26,8,32,24,8,3,17,15,101
2018-11-21 00:00:00,nop,42,98,11,30,25,33,20,34,24,8,8,15,21,120,phi,44,98,10,29,23,26,11,36,27,7,7,16,26,121
2018-11-21 00:00:00,mem,39,81,8,25,18,21,4,36,21,4,6,9,25,104,sas,35,81,7,22,26,30,9,33,21,4,5,8,20,103
2018-11-21 00:00:00,sac,47,89,11,25,14,19,8,40,27,5,4,11,30,119,uta,38,88,12,39,22,31,12,34,21,7,7,10,21,110
2018-11-23 00:00:00,bos,42,91,13,40,17,21,7,36,31,11,7,16,29,114,atl,35,81,6,35,20,29,5,35,22,9,7,20,26,96
2018-11-23 00:00:00,min,44,92,9,25,15,17,9,29,25,15,4,7,20,112,brk,33,79,14,45,22,26,9,37,26,2,4,18,22,102
2018-11-23 00:00:00,mia,37,87,10,34,19,31,10,38,20,10,11,14,21,103,chi,35,94,7,28,19,20,12,40,23,8,6,18,23,96
2018-11-23 00:00:00,orl,32,79,8,32,15,19,4,33,24,7,2,13,19,87,den,44,93,9,28,15,17,12,39,33,10,5,11,20,112
2018-11-23 00:00:00,hou,41,98,10,36,19,21,17,27,22,6,7,14,26,111,det,40,88,7,27,29,40,14,35,18,11,5,13,18,116
2018-11-23 00:00:00,por,38,93,9,24,12,22,13,27,22,8,2,13,16,97,gsw,48,85,17,32,12,16,6,36,29,11,11,14,22,125
2018-11-23 00:00:00,sas,42,83,10,21,17,24,9,37,28,3,4,15,19,111,ind,46,99,3,24,5,9,11,34,31,9,2,12,22,100
2018-11-23 00:00:00,mem,42,92,9,27,14,18,6,42,29,5,7,16,29,107,lac,40,94,8,23,24,27,7,40,26,6,5,10,23,112
2018-11-23 00:00:00,uta,33,85,4,23,13,17,7,34,22,12,3,19,21,83,lal,36,79,7,23,11,18,5,42,10,11,5,23,20,90
2018-11-23 00:00:00,pho,45,90,9,26,17,22,6,34,21,8,4,11,25,116,mil,42,87,10,44,20,30,7,36,30,6,7,14,17,114
2018-11-23 00:00:00,nop,40,101,7,28,22,29,20,35,26,5,5,13,22,109,nyk,41,92,12,33,20,27,13,35,22,9,10,8,26,114
2018-11-23 00:00:00,cho,43,94,6,31,12,14,11,35,24,8,5,13,21,104,okc,41,93,11,33,16,24,11,35,24,6,2,14,18,109
2018-11-23 00:00:00,cle,49,93,11,22,12,16,14,28,16,7,1,8,25,121,phi,40,75,12,33,20,26,4,27,27,5,3,10,20,112
2018-11-23 00:00:00,was,40,101,9,46,18,19,15,30,28,8,7,12,16,107,tor,46,93,17,39,16,19,13,37,32,5,6,15,23,125
2018-11-24 00:00:00,hou,37,74,15,39,19,28,7,23,18,5,4,16,19,108,cle,44,90,7,22,22,29,20,29,15,11,2,13,24,117
2018-11-24 00:00:00,bos,41,86,10,28,12,13,9,33,19,8,3,17,21,104,dal,42,87,16,41,13,21,13,30,27,12,3,16,16,113
2018-11-24 00:00:00,sac,42,97,11,28,21,29,13,34,28,6,4,8,22,116,gsw,41,88,10,34,25,29,12,42,28,5,6,14,24,117
2018-11-24 00:00:00,sas,49,92,10,21,21,28,9,30,27,8,3,10,21,129,mil,49,86,15,40,22,29,6,35,30,7,3,13,22,135
2018-11-24 00:00:00,chi,32,80,10,33,22,31,6,34,22,7,4,14,19,96,min,42,103,7,34,20,23,21,37,22,8,5,13,23,111
2018-11-24 00:00:00,den,39,95,10,30,17,24,15,39,26,6,9,14,20,105,okc,37,103,9,39,15,23,19,35,22,9,5,10,24,98
2018-11-24 00:00:00,nop,43,90,11,31,17,21,7,36,23,10,3,16,21,114,was,51,90,10,29,12,23,5,40,30,12,9,14,16,124
2018-11-25 00:00:00,cho,41,93,18,45,23,28,11,32,30,8,4,10,15,123,atl,50,94,16,39,8,11,9,32,34,5,9,15,23,124
2018-11-25 00:00:00,phi,44,91,12,29,27,33,13,29,28,9,6,9,22,127,brk,50,88,10,25,15,20,10,33,19,2,4,16,25,125
2018-11-25 00:00:00,pho,42,82,8,25,15,21,10,32,22,6,6,17,22,107,det,43,93,16,41,16,25,13,28,30,9,0,12,19,118
2018-11-25 00:00:00,orl,42,93,11,31,13,14,9,36,31,8,5,13,22,108,lal,37,79,10,26,20,31,5,37,22,9,10,18,17,104
2018-11-25 00:00:00,nyk,34,91,8,22,27,32,14,42,17,4,5,7,21,103,mem,38,86,11,30,11,19,6,35,27,5,19,7,23,98
2018-11-25 00:00:00,lac,38,90,5,25,23,34,11,37,15,9,5,4,13,104,por,42,97,8,38,8,10,16,42,18,2,5,12,24,100
2018-11-25 00:00:00,uta,49,92,10,30,25,33,13,36,30,11,5,18,26,133,sac,40,85,9,23,23,31,7,29,20,10,7,17,25,112
2018-11-25 00:00:00,mia,39,95,15,36,22,32,17,29,21,6,5,7,22,115,tor,47,90,11,35,20,25,11,36,25,4,7,9,21,125
2018-11-26 00:00:00,sas,45,93,10,30,8,9,7,39,29,7,2,10,16,108,chi,42,90,14,33,9,11,5,38,23,6,5,11,12,107
2018-11-26 00:00:00,mil,37,90,16,46,17,21,10,38,25,7,5,14,22,107,cho,38,81,13,29,21,30,5,39,21,9,5,11,22,110
2018-11-26 00:00:00,min,40,86,8,26,14,19,8,31,18,8,8,8,18,102,cle,36,86,10,31,13,14,9,31,24,4,3,16,18,95
2018-11-26 00:00:00,orl,40,90,14,30,16,21,6,28,28,11,2,11,21,110,gsw,41,84,13,35,21,23,10,36,21,8,7,14,19,116
2018-11-26 00:00:00,bos,48,97,19,39,9,10,14,28,27,14,4,13,25,124,nop,34,77,12,32,27,29,9,31,21,8,5,22,20,107
2018-11-26 00:00:00,ind,49,84,9,18,14,17,4,35,33,13,4,16,17,121,uta,34,81,8,31,12,17,10,28,25,10,4,17,17,88
2018-11-26 00:00:00,hou,46,97,18,48,21,27,18,30,22,8,5,19,31,131,was,50,89,11,29,24,32,9,29,29,7,7,13,29,135
2018-11-27 00:00:00,lal,34,87,5,35,12,18,8,31,19,5,8,12,19,85,den,47,97,9,25,14,15,16,44,28,7,5,11,17,117
2018-11-27 00:00:00,nyk,36,91,9,27,27,32,13,37,16,5,5,13,31,108,det,38,80,7,24,32,45,7,41,20,5,7,13,26,115
2018-11-27 00:00:00,tor,42,69,18,33,20,28,4,27,25,5,5,15,18,122,mem,43,85,10,29,18,21,11,24,27,9,5,13,23,114
2018-11-27 00:00:00,atl,38,80,12,31,27,32,10,36,22,13,7,24,24,115,mia,40,87,13,38,20,30,11,32,22,20,3,20,25,113
2018-11-27 00:00:00,ind,38,90,11,26,22,29,17,38,25,8,6,12,13,109,pho,41,92,10,30,12,18,12,33,20,8,6,8,17,104
2018-11-28 00:00:00,uta,39,82,9,28,14,21,8,40,17,10,6,19,25,101,brk,30,86,11,30,20,28,14,34,11,12,5,20,20,91
2018-11-28 00:00:00,atl,32,93,11,44,19,22,16,38,20,11,8,19,25,94,cho,38,83,4,20,28,37,5,39,20,15,5,14,21,108
2018-11-28 00:00:00,dal,46,85,17,34,19,24,10,27,27,10,7,14,17,128,hou,40,87,13,45,15,23,15,23,28,10,5,16,26,108
2018-11-28 00:00:00,pho,39,89,8,26,13,18,7,27,20,17,6,16,24,99,lac,40,86,11,21,24,32,18,38,21,6,7,21,17,115
2018-11-28 00:00:00,chi,40,89,11,37,22,29,9,36,28,9,3,11,23,113,mil,43,87,12,35,18,24,8,40,29,6,8,12,23,116
2018-11-28 00:00:00,sas,34,86,8,27,13,13,12,34,23,1,8,18,17,89,min,50,99,18,41,10,15,13,35,33,12,5,8,18,128
2018-11-28 00:00:00,was,41,95,13,39,9,16,12,26,26,12,2,16,22,104,nop,46,95,11,36,22,28,17,47,24,10,5,20,20,125
2018-11-28 00:00:00,cle,35,89,9,23,4,9,7,36,20,4,1,12,19,83,okc,41,86,6,27,12,15,8,42,25,5,11,13,18,100
2018-11-28 00:00:00,nyk,32,92,6,29,21,22,11,30,14,11,5,13,21,91,phi,47,87,12,25,11,16,8,42,34,7,5,16,19,117
2018-11-28 00:00:00,orl,42,81,14,30,14,15,3,34,28,3,8,14,20,112,por,37,85,19,39,22,32,13,34,24,8,1,11,17,115
2018-11-29 00:00:00,ind,32,86,10,23,22,27,10,34,23,14,4,17,22,96,lal,42,86,7,24,13,23,11,39,25,8,11,18,23,104
2018-11-29 00:00:00,lac,50,90,12,28,21,28,8,30,25,7,5,9,21,133,sac,46,96,7,24,22,26,16,32,26,4,2,11,25,121
2018-11-29 00:00:00,gsw,50,103,11,30,17,20,17,29,27,6,5,14,22,128,tor,47,90,15,38,22,24,7,30,25,5,6,14,23,131
2018-11-30 00:00:00,cle,30,77,7,22,28,35,9,27,18,5,1,13,21,95,bos,49,92,17,31,13,16,12,35,30,4,4,10,27,128
2018-11-30 00:00:00,mem,50,101,12,30,19,22,11,34,27,8,6,17,23,131,brk,42,94,16,44,25,30,11,40,26,7,4,16,28,125
2018-11-30 00:00:00,uta,44,81,18,40,13,18,6,35,32,5,5,14,13,119,cho,47,95,9,28,8,13,7,31,19,8,3,8,17,111
2018-11-30 00:00:00,chi,37,86,3,21,11,14,7,33,25,5,7,15,20,88,det,41,92,13,34,12,16,13,39,24,5,5,13,17,107
2018-11-30 00:00:00,dal,34,86,10,39,25,34,9,37,20,9,4,16,25,103,lal,42,86,9,30,21,32,9,38,23,8,3,17,29,114
2018-11-30 00:00:00,nop,35,82,6,28,25,29,11,35,25,4,8,16,22,101,mia,40,93,11,33,15,24,13,33,22,10,4,10,24,106
2018-11-30 00:00:00,atl,43,96,11,36,12,20,14,28,26,15,3,21,12,109,okc,46,88,18,41,14,15,7,39,30,12,7,20,24,124
2018-11-30 00:00:00,was,37,92,8,28,16,19,8,34,22,10,4,15,20,98,phi,43,98,12,38,25,33,17,41,28,11,7,12,17,123
2018-11-30 00:00:00,orl,39,82,8,27,13,18,8,36,23,7,5,12,16,99,pho,34,84,7,28,10,14,9,31,22,5,0,12,15,85
2018-11-30 00:00:00,den,40,87,14,30,19,26,13,28,28,11,3,11,21,113,por,45,85,6,22,16,21,12,32,19,7,6,14,23,112
2018-11-30 00:00:00,hou,49,98,22,54,16,20,13,36,32,9,6,5,22,136,sas,39,86,10,28,17,20,9,32,24,4,4,13,18,105
2018-12-01 00:00:00,tor,39,80,7,26,21,25,6,36,15,5,5,10,19,106,cle,34,88,5,22,22,25,11,33,14,6,0,11,23,95
2018-12-01 00:00:00,gsw,39,85,6,26,18,21,8,36,23,6,5,14,22,102,det,43,98,12,35,13,20,14,33,22,8,2,11,21,111
2018-12-01 00:00:00,chi,39,88,8,32,19,24,7,34,15,11,6,13,22,105,hou,42,84,16,41,21,30,6,41,23,8,7,14,21,121
2018-12-01 00:00:00,bos,40,85,17,44,21,21,7,33,30,9,3,14,25,118,min,37,82,9,28,26,32,9,30,19,6,2,16,18,109
2018-12-01 00:00:00,mil,46,94,18,42,24,31,10,41,28,11,4,16,25,134,nyk,51,96,20,34,14,21,6,35,30,5,2,16,23,136
2018-12-01 00:00:00,ind,43,82,10,24,14,18,6,36,32,11,5,25,26,110,sac,41,91,13,29,16,24,14,32,25,10,3,20,16,111
2018-12-01 00:00:00,brk,30,81,8,33,20,25,11,31,19,8,2,17,17,88,was,41,79,8,26,12,18,2,36,19,8,3,13,21,102
2018-12-02 00:00:00,nop,44,86,11,32,20,24,9,41,30,6,5,17,25,119,cho,39,91,10,36,21,28,11,30,25,9,6,11,19,109
2018-12-02 00:00:00,lac,42,95,9,24,17,22,8,36,23,9,5,10,22,110,dal,42,95,8,23,22,26,17,47,20,6,5,16,21,114
2018-12-02 00:00:00,pho,37,93,13,33,9,11,7,33,24,12,8,15,22,96,lal,46,92,11,27,17,23,11,45,26,9,4,19,15,120
2018-12-02 00:00:00,uta,39,89,11,33,11,15,10,40,21,8,6,13,18,100,mia,36,91,13,31,17,24,14,36,20,8,8,13,16,102
2018-12-02 00:00:00,mem,33,79,11,28,18,23,3,32,19,7,7,14,24,95,phi,36,74,8,22,23,30,3,41,22,5,2,16,20,103
2018-12-02 00:00:00,por,45,86,12,29,16,16,9,26,25,6,5,17,21,118,sas,50,83,11,15,20,22,5,29,29,5,4,12,15,131
2018-12-03 00:00:00,gsw,48,82,13,24,19,22,6,33,33,10,8,20,24,128,atl,44,90,5,26,18,24,9,26,23,10,4,18,21,111
2018-12-03 00:00:00,cle,38,88,4,15,19,20,14,41,15,5,4,9,17,99,brk,39,99,10,40,9,16,17,33,17,5,2,7,20,97
2018-12-03 00:00:00,okc,43,85,7,25,17,20,6,46,23,10,8,17,24,110,det,31,94,6,32,15,19,9,32,16,10,3,15,18,83
2018-12-03 00:00:00,hou,32,74,11,39,16,19,7,27,24,9,6,20,27,91,min,36,82,11,22,20,28,13,29,22,11,7,14,16,103
2018-12-03 00:00:00,lac,49,83,8,20,23,30,7,32,29,4,1,12,21,129,nop,49,92,13,34,15,22,10,25,32,10,5,7,24,126
2018-12-03 00:00:00,was,44,92,13,32,9,12,8,30,30,7,8,10,24,110,nyk,37,90,12,34,21,28,19,36,20,4,5,16,14,107
2018-12-03 00:00:00,den,40,89,11,28,15,24,15,34,32,9,2,20,14,106,tor,40,87,11,41,12,12,7,34,28,11,5,17,21,103
2018-12-04 00:00:00,por,38,84,7,24,19,23,11,37,20,7,5,18,29,102,dal,38,87,11,30,24,35,15,36,25,11,4,13,19,111
2018-12-04 00:00:00,chi,37,94,11,31,5,5,12,32,26,8,2,18,23,90,ind,35,76,6,22,20,24,6,39,22,10,6,18,13,96
2018-12-04 00:00:00,orl,38,86,14,28,15,20,11,32,22,5,4,11,13,105,mia,38,91,12,35,2,5,16,31,19,7,11,15,19,90
2018-12-04 00:00:00,sac,45,84,11,24,21,32,9,33,27,13,3,13,22,122,pho,38,87,12,43,17,21,13,30,27,9,4,21,27,105
2018-12-04 00:00:00,sas,44,90,7,22,10,11,7,25,25,7,5,16,19,105,uta,51,84,20,33,17,20,5,37,38,12,5,17,20,139
2018-12-05 00:00:00,was,46,95,12,38,27,32,12,37,35,9,4,15,24,131,atl,41,92,12,38,23,31,8,35,28,13,4,17,27,117
2018-12-05 00:00:00,okc,43,99,13,38,15,26,17,43,28,8,6,13,23,114,brk,37,86,15,36,23,30,10,35,21,7,4,14,24,112
2018-12-05 00:00:00,gsw,45,85,18,34,21,24,9,37,29,6,5,8,17,129,cle,39,89,11,32,16,23,12,29,17,7,2,10,19,105
2018-12-05 00:00:00,sas,43,96,7,27,20,20,11,38,18,8,2,10,24,113,lal,42,88,14,39,23,33,6,36,21,6,3,12,18,121
2018-12-05 00:00:00,lac,25,74,8,23,28,35,11,36,16,9,4,18,21,86,mem,37,85,7,28,15,24,11,38,18,9,6,15,27,96
2018-12-05 00:00:00,det,35,95,9,38,13,19,12,39,19,6,1,20,26,92,mil,38,82,14,41,25,30,4,42,25,13,4,15,21,115
2018-12-05 00:00:00,cho,40,98,12,33,12,15,13,27,27,7,1,10,15,104,min,48,89,12,24,13,20,10,40,34,6,11,15,15,121
2018-12-05 00:00:00,dal,39,91,14,46,14,21,11,34,26,7,4,18,17,106,nop,51,92,17,29,13,20,5,41,36,12,6,11,15,132
2018-12-05 00:00:00,den,45,82,11,19,23,37,4,39,34,5,2,10,19,124,orl,45,95,20,49,8,8,6,34,30,4,4,9,23,118
2018-12-05 00:00:00,phi,40,88,11,35,11,14,11,38,26,7,5,21,23,102,tor,43,100,8,29,19,22,17,36,25,12,3,11,13,113
2018-12-06 00:00:00,nyk,36,91,12,35,16,20,14,33,21,4,5,16,23,100,bos,49,92,13,38,17,20,7,39,32,8,6,9,24,128
2018-12-06 00:00:00,pho,35,91,5,27,11,14,11,30,20,11,2,16,21,86,por,41,85,9,27,17,27,13,43,24,10,6,17,19,108
2018-12-06 00:00:00,hou,34,88,8,36,15,17,14,29,13,5,5,23,26,91,uta,45,89,8,32,20,27,12,35,26,16,4,12,24,118
2018-12-07 00:00:00,tor,35,89,11,35,24,29,6,35,25,9,7,15,19,105,brk,43,98,11,35,9,13,16,44,22,8,2,20,28,106
2018-12-07 00:00:00,okc,43,94,10,28,16,24,14,37,25,12,6,22,22,112,chi,43,82,12,25,16,23,5,34,25,15,6,20,26,114
2018-12-07 00:00:00,den,39,101,8,35,21,26,20,35,24,6,12,9,28,107,cho,33,86,13,35,34,38,13,35,20,8,9,9,20,113
2018-12-07 00:00:00,sac,56,98,13,29,4,7,10,25,31,6,5,9,18,129,cle,43,81,10,26,14,19,7,28,20,4,0,16,17,110
2018-12-07 00:00:00,phi,44,90,9,32,20,21,12,28,26,11,12,16,28,117,det,37,89,7,28,30,37,17,32,22,10,3,16,24,111
2018-12-07 00:00:00,gsw,40,89,19,46,6,7,6,37,32,7,6,17,20,105,mil,36,92,7,39,16,23,15,39,18,10,3,18,21,95
2018-12-07 00:00:00,mem,39,83,8,19,21,28,10,32,30,10,7,11,25,107,nop,38,84,7,29,20,24,10,32,25,5,5,18,25,103
2018-12-07 00:00:00,ind,44,93,9,26,15,18,11,42,26,8,8,9,17,112,orl,36,89,8,33,10,13,9,38,20,3,7,14,18,90
2018-12-07 00:00:00,mia,42,86,15,37,16,18,6,34,32,10,5,12,16,115,pho,36,79,14,34,12,16,4,38,27,7,4,20,21,98
2018-12-07 00:00:00,lal,46,100,11,36,17,21,10,33,24,8,1,8,24,120,sas,46,91,13,31,28,33,9,39,27,4,7,10,18,133
2018-12-08 00:00:00,den,36,97,9,36,17,21,11,37,28,11,4,15,16,98,atl,40,93,15,42,11,16,9,42,33,9,11,18,23,106
2018-12-08 00:00:00,bos,50,93,22,43,11,15,13,41,34,10,4,7,14,133,chi,31,81,6,24,9,14,8,29,16,3,2,15,17,77
2018-12-08 00:00:00,was,38,86,14,38,11,16,8,25,26,3,3,8,12,101,cle,47,89,15,31,7,10,12,37,26,5,5,7,20,116
2018-12-08 00:00:00,hou,39,86,15,47,11,13,10,26,20,5,3,12,19,104,dal,41,83,12,30,13,16,14,30,21,9,3,15,14,107
2018-12-08 00:00:00,sac,38,90,9,32,12,15,12,31,24,9,8,13,21,97,ind,40,92,8,30,19,22,15,37,26,7,8,15,17,107
2018-12-08 00:00:00,mia,40,92,13,39,28,39,14,44,27,8,7,11,24,121,lac,33,89,7,29,25,31,12,36,16,5,8,15,26,98
2018-12-08 00:00:00,lal,43,98,16,41,9,12,19,38,27,11,6,18,22,111,mem,34,84,6,30,14,18,9,27,17,13,7,15,19,88
2018-12-08 00:00:00,brk,43,88,11,22,15,25,12,33,27,5,5,12,25,112,nyk,39,83,8,26,18,30,9,31,22,8,2,12,18,104
2018-12-08 00:00:00,min,40,91,7,16,18,22,10,30,25,12,7,12,23,105,por,39,83,10,33,25,30,14,39,23,10,9,19,20,113
2018-12-09 00:00:00,nop,42,79,12,30,20,23,8,39,27,5,8,18,19,116,det,43,98,9,29,13,24,17,30,28,8,5,10,22,108
2018-12-09 00:00:00,cho,42,87,12,34,23,27,6,36,19,11,4,12,17,119,nyk,44,93,13,26,6,7,8,33,28,5,2,17,25,107
2018-12-09 00:00:00,uta,37,85,9,29,14,19,9,29,23,8,4,14,15,97,sas,47,89,5,14,11,12,10,36,26,7,7,11,15,110
2018-12-09 00:00:00,mil,36,87,15,39,17,20,9,36,22,6,7,11,13,104,tor,39,94,15,44,6,7,11,34,24,6,11,11,21,99
2018-12-10 00:00:00,nop,39,87,8,26,14,19,6,33,28,11,1,13,19,100,bos,44,90,12,39,13,19,14,37,23,8,5,13,21,113
2018-12-10 00:00:00,sac,40,88,16,37,12,15,10,32,28,16,4,16,15,108,chi,34,76,8,28,13,13,7,33,16,10,4,27,17,89
2018-12-10 00:00:00,orl,32,89,8,28,4,5,7,36,18,7,2,15,18,76,dal,35,82,10,35,21,25,8,43,28,7,4,11,11,101
2018-12-10 00:00:00,mem,37,74,9,27,16,17,6,28,22,7,4,14,19,99,den,39,77,9,28,18,23,11,29,22,11,6,13,17,105
2018-12-10 00:00:00,min,38,83,7,25,25,31,9,33,28,5,6,16,18,108,gsw,39,93,19,43,19,21,14,35,25,6,5,16,26,116
2018-12-10 00:00:00,was,37,88,10,30,17,24,6,28,22,13,3,12,22,101,ind,41,76,10,20,17,22,7,43,29,7,7,23,25,109
2018-12-10 00:00:00,mia,42,94,11,34,10,13,14,36,29,9,7,17,19,105,lal,41,90,14,32,12,20,12,34,24,9,7,12,10,108
2018-12-10 00:00:00,cle,36,96,10,30,10,15,8,38,24,5,2,9,15,92,mil,42,96,15,36,9,11,12,46,22,4,4,14,24,108
2018-12-10 00:00:00,uta,43,84,8,29,19,30,11,34,30,11,4,20,28,113,okc,43,85,8,21,28,39,12,31,25,12,2,17,26,122
2018-12-10 00:00:00,det,41,84,9,21,11,21,10,36,23,5,5,15,24,102,phi,39,88,15,37,23,35,16,32,27,9,5,13,19,116
2018-12-10 00:00:00,lac,45,85,7,22,26,33,10,32,27,8,4,18,21,123,pho,47,94,9,25,16,20,10,30,31,14,8,15,29,119
2018-12-11 00:00:00,por,38,87,10,25,18,21,13,31,20,1,4,14,17,104,hou,42,85,9,29,18,27,12,30,22,9,5,7,21,111
2018-12-11 00:00:00,tor,50,96,14,29,9,12,10,33,34,8,5,7,22,123,lac,38,85,7,25,16,19,12,32,25,2,5,16,16,99
2018-12-11 00:00:00,pho,33,82,8,28,12,14,8,32,19,7,5,17,22,86,sas,41,83,13,21,16,19,8,38,28,7,2,15,15,111
2018-12-12 00:00:00,det,40,86,13,34,14,21,10,39,23,4,10,14,26,107,cho,35,85,9,28,29,37,6,36,21,7,5,7,17,108
2018-12-12 00:00:00,nyk,41,94,11,27,13,14,9,34,21,7,7,12,18,106,cle,43,91,10,34,17,21,12,39,19,7,4,12,18,113
2018-12-12 00:00:00,atl,43,94,11,33,10,14,16,28,21,7,2,21,30,107,dal,35,75,12,34,32,43,4,32,22,13,6,14,16,114
2018-12-12 00:00:00,tor,44,91,9,28,16,19,10,38,27,12,3,11,17,113,gsw,39,82,6,26,9,13,5,35,28,5,11,19,18,93
2018-12-12 00:00:00,mil,38,92,11,43,10,15,9,34,22,6,6,11,18,97,ind,43,91,12,30,15,20,14,41,31,6,5,16,13,113
2018-12-12 00:00:00,por,32,87,6,22,13,16,4,40,15,11,9,14,19,83,mem,34,82,8,24,16,24,9,42,19,9,10,12,22,92
2018-12-12 00:00:00,okc,42,87,13,43,17,27,9,30,23,10,6,18,27,114,nop,45,97,4,18,24,30,17,39,29,14,3,17,27,118
2018-12-12 00:00:00,brk,38,74,14,28,37,43,7,30,20,10,1,16,23,127,phi,50,91,12,28,12,16,10,27,31,11,3,17,30,124
2018-12-12 00:00:00,min,50,93,9,22,21,27,12,27,30,4,4,11,24,130,sac,50,86,19,38,22,32,9,29,34,3,6,10,21,141
2018-12-12 00:00:00,mia,29,77,12,33,14,24,2,28,16,10,2,13,22,84,uta,40,76,16,32,15,21,7,45,29,6,4,17,19,111
2018-12-12 00:00:00,bos,47,104,11,38,25,25,14,36,20,6,2,13,19,130,was,46,91,12,33,21,29,8,33,25,7,4,15,27,125
2018-12-13 00:00:00,lal,43,80,10,32,15,27,7,24,23,9,5,12,21,111,hou,42,85,15,34,27,32,15,28,24,8,2,13,24,126
2018-12-13 00:00:00,chi,34,71,10,18,13,20,1,32,18,10,4,18,23,91,orl,34,82,11,33,18,23,9,34,23,8,6,16,16,97
2018-12-13 00:00:00,dal,31,78,5,33,22,33,14,39,14,7,4,23,19,89,pho,37,92,10,27,15,18,12,28,20,15,5,13,27,99
2018-12-13 00:00:00,lac,30,84,10,31,17,24,13,29,21,4,1,17,18,87,sas,48,83,10,22,19,24,8,39,25,10,7,11,20,125
2018-12-14 00:00:00,atl,36,86,16,38,20,32,16,28,27,10,5,24,19,108,bos,46,95,19,39,18,20,13,34,28,15,9,21,21,129
2018-12-14 00:00:00,was,49,90,11,29,9,16,3,22,30,4,3,9,24,118,brk,44,84,11,31,26,31,9,37,34,5,3,10,17,125
2018-12-14 00:00:00,nyk,47,98,12,34,20,31,9,37,27,11,8,10,16,126,cho,48,102,20,48,8,10,9,42,38,7,5,16,23,124
2018-12-14 00:00:00,mil,40,94,12,41,22,28,14,39,26,9,6,9,17,114,cle,35,87,13,36,19,21,13,37,24,7,2,15,24,102
2018-12-14 00:00:00,okc,37,90,7,19,17,29,19,24,14,9,4,13,17,98,den,42,83,11,34,14,15,12,36,29,8,6,20,24,109
2018-12-14 00:00:00,mia,36,82,15,39,13,18,14,36,30,3,8,16,20,100,mem,35,83,8,29,19,25,10,24,21,9,5,7,18,97
2018-12-14 00:00:00,ind,42,95,8,20,21,24,11,36,33,7,2,7,22,113,phi,36,88,9,36,20,27,17,32,17,5,5,16,21,101
2018-12-14 00:00:00,tor,43,77,18,31,18,21,5,31,20,4,4,16,21,122,por,48,94,13,27,19,21,12,26,29,10,3,8,15,128
2018-12-14 00:00:00,gsw,44,96,15,40,27,36,15,45,32,5,0,18,23,130,sac,45,96,15,44,20,25,7,35,33,6,3,13,28,125
2018-12-15 00:00:00,lal,49,92,14,34,16,24,10,42,34,12,6,15,20,128,cho,39,92,7,29,15,18,9,29,22,3,6,18,19,100
2018-12-15 00:00:00,bos,39,94,9,33,17,23,12,32,19,11,4,14,25,104,det,39,80,10,30,25,35,10,38,25,10,7,18,21,113
2018-12-15 00:00:00,hou,35,73,13,37,22,25,6,30,23,5,2,12,22,105,mem,40,75,5,23,12,17,6,29,20,8,6,14,22,97
2018-12-15 00:00:00,lac,38,75,13,25,15,22,6,38,18,7,4,26,22,104,okc,42,90,9,22,17,24,9,31,26,13,7,11,20,110
2018-12-15 00:00:00,uta,28,89,7,29,26,28,11,31,17,13,4,10,19,89,orl,34,72,11,24,17,20,4,44,18,7,10,22,27,96
2018-12-15 00:00:00,min,39,96,7,35,14,19,11,30,26,10,4,11,19,99,pho,41,90,9,28,16,20,11,40,30,6,7,15,22,107
2018-12-15 00:00:00,chi,37,86,6,29,18,21,8,32,16,12,8,7,20,98,sas,32,73,7,21,22,26,7,34,18,3,5,15,18,93
2018-12-16 00:00:00,atl,47,85,14,29,19,25,8,25,38,9,5,14,22,127,brk,49,88,16,40,30,33,10,29,34,12,3,13,21,144
2018-12-16 00:00:00,phi,51,91,11,27,15,20,12,36,32,5,9,10,18,128,cle,41,88,12,30,11,17,6,27,28,8,0,12,20,105
2018-12-16 00:00:00,sac,46,98,9,31,19,21,11,36,20,6,7,9,26,120,dal,40,96,9,35,24,31,16,37,22,6,5,14,18,113
2018-12-16 00:00:00,tor,35,88,7,35,9,14,13,38,13,5,4,11,16,86,den,36,85,10,30,13,16,10,34,21,7,4,8,14,95
2018-12-16 00:00:00,nyk,37,89,10,32,15,22,13,31,21,7,1,15,19,99,ind,40,87,12,34,18,23,11,34,28,9,4,13,18,110
2018-12-16 00:00:00,mia,38,91,10,35,16,23,22,35,22,6,4,18,21,102,nop,35,86,13,36,13,17,11,27,26,12,5,10,22,96
2018-12-16 00:00:00,lal,44,91,11,36,11,18,8,35,24,10,6,22,13,110,was,54,106,13,31,7,10,15,36,30,14,5,17,13,128
2018-12-17 00:00:00,mil,44,88,9,25,10,15,5,32,33,8,10,10,19,107,det,39,88,14,35,12,15,10,35,25,3,2,16,20,104
2018-12-17 00:00:00,mem,36,79,7,25,14,18,2,39,24,6,4,16,23,93,gsw,37,85,12,31,24,27,6,36,23,10,5,10,19,110
2018-12-17 00:00:00,uta,32,82,10,35,23,31,11,41,23,9,4,23,25,97,hou,32,86,12,37,26,31,9,30,16,13,7,17,24,102
2018-12-17 00:00:00,por,47,86,10,20,27,31,6,27,26,5,4,11,32,131,lac,42,83,10,27,33,39,8,29,27,5,1,10,23,127
2018-12-17 00:00:00,sac,38,90,14,38,15,23,6,32,20,5,4,15,27,105,min,48,97,10,27,26,30,12,47,37,10,7,11,24,132
2018-12-17 00:00:00,pho,48,92,9,27,23,27,4,40,27,8,5,7,20,128,nyk,40,99,9,35,21,29,16,34,15,5,1,11,21,110
2018-12-17 00:00:00,chi,38,85,8,22,12,16,13,28,20,10,7,23,31,96,okc,43,89,8,21,27,33,17,32,24,14,2,19,21,121
2018-12-17 00:00:00,phi,40,98,11,37,5,7,12,29,29,3,5,10,15,96,sas,49,87,9,23,16,17,4,41,28,5,9,6,14,123
2018-12-18 00:00:00,was,36,83,13,40,25,36,9,28,26,14,1,15,32,110,atl,37,79,12,32,32,39,13,36,23,4,5,23,29,118
2018-12-18 00:00:00,lal,42,90,13,40,13,23,8,40,21,6,4,14,19,110,brk,44,91,14,34,13,19,4,36,27,5,4,11,18,115
2018-12-18 00:00:00,dal,40,86,15,37,23,30,6,27,26,8,1,8,17,118,den,50,90,12,29,14,18,12,35,33,7,3,15,28,126
2018-12-18 00:00:00,cle,38,92,6,31,10,13,12,39,19,7,5,9,16,92,ind,37,93,4,22,13,21,14,38,21,7,10,9,12,91
2018-12-19 00:00:00,pho,41,96,11,27,18,22,21,35,23,8,6,17,19,111,bos,38,85,15,39,12,14,9,28,26,13,15,16,17,103
2018-12-19 00:00:00,brk,34,74,8,25,20,25,7,38,23,3,2,13,14,96,chi,40,91,6,19,7,10,9,30,21,7,5,8,22,93
2018-12-19 00:00:00,cle,41,85,10,23,7,12,4,31,24,8,6,8,18,99,cho,47,92,10,25,6,9,13,38,24,4,5,12,14,110
2018-12-19 00:00:00,was,45,84,10,30,18,23,4,27,28,8,2,11,15,118,hou,47,85,26,55,16,21,8,33,30,8,2,15,21,136
2018-12-19 00:00:00,nop,43,92,19,42,10,15,7,34,28,6,7,15,22,115,mil,43,85,13,33,24,30,9,39,26,11,3,14,18,123
2018-12-19 00:00:00,det,46,94,20,48,17,28,8,36,26,3,2,13,25,129,min,45,103,9,33,24,29,11,38,22,8,4,7,27,123
2018-12-19 00:00:00,sas,50,77,12,19,17,21,4,41,29,5,4,11,15,129,orl,34,89,12,31,10,17,11,22,19,5,3,11,18,90
2018-12-19 00:00:00,nyk,37,86,10,31,25,31,4,31,22,2,2,8,19,109,phi,47,88,15,30,22,25,9,42,31,6,4,9,22,131
2018-12-19 00:00:00,mem,33,78,9,27,17,19,11,24,22,12,10,13,21,92,por,35,75,11,26,18,20,13,31,16,8,4,21,23,99
2018-12-19 00:00:00,okc,51,102,13,32,17,27,18,48,27,8,6,17,24,132,sac,39,93,13,34,22,33,10,33,28,7,5,13,18,113
2018-12-19 00:00:00,ind,38,80,9,20,11,16,9,40,19,6,7,20,21,96,tor,38,93,7,30,16,21,11,32,20,15,9,9,19,99
2018-12-19 00:00:00,gsw,38,95,10,31,17,18,10,38,18,10,9,12,21,103,uta,37,93,16,42,18,22,10,42,30,7,6,16,16,108
2018-12-20 00:00:00,dal,43,92,10,28,25,33,16,29,24,8,0,11,30,121,lac,47,83,6,20,25,31,11,29,26,5,5,12,25,125
2018-12-20 00:00:00,hou,29,82,18,54,23,30,8,33,20,6,3,8,23,99,mia,36,93,9,39,20,34,20,41,22,6,4,9,18,101
2018-12-21 00:00:00,mil,41,80,16,40,22,28,11,44,26,3,6,20,30,120,bos,35,91,10,34,27,36,9,27,22,13,3,5,16,107
2018-12-21 00:00:00,ind,44,82,11,26,15,18,6,23,24,10,8,11,26,114,brk,33,72,16,31,24,34,11,30,28,5,3,20,23,106
2018-12-21 00:00:00,orl,28,86,8,33,16,24,13,34,20,4,5,8,22,80,chi,33,75,5,17,19,26,9,41,23,5,6,7,21,90
2018-12-21 00:00:00,det,32,82,8,34,14,22,12,29,21,8,5,14,22,86,cho,33,75,12,24,20,28,11,32,19,7,5,16,23,98
2018-12-21 00:00:00,nop,44,102,8,27,8,16,14,39,27,8,6,12,24,104,lal,43,92,8,32,18,25,8,40,28,7,4,12,17,112
2018-12-21 00:00:00,atl,43,91,10,29,18,24,15,39,29,4,1,16,18,114,nyk,41,84,8,27,17,24,4,31,20,8,3,12,22,107
2018-12-21 00:00:00,uta,47,85,16,31,10,17,6,36,35,7,6,15,21,120,por,35,87,10,32,10,18,13,29,17,8,6,14,16,90
2018-12-21 00:00:00,mem,37,80,16,32,9,10,8,36,24,7,8,18,25,99,sac,33,88,15,41,21,29,12,30,25,10,5,9,15,102
2018-12-21 00:00:00,min,33,83,6,21,26,31,9,30,19,11,5,12,19,98,sas,46,87,19,33,13,18,11,39,36,7,3,16,22,124
2018-12-21 00:00:00,cle,39,81,9,24,23,30,11,29,20,5,5,12,23,110,tor,48,91,9,31,21,26,13,30,21,10,4,8,23,126
